Carrier,Title,State,Zip code,Hiring radius miles,Multi zip codes,Job Details,Pay Details,Equipment Details,Key Disqualifiers,Requirements
JB Hunt,Brattleboro VT | Tier 1,VT,5301,50,,"Category,Details
Job Description,Local delivery of fresh and frozen groceries to supermarkets and DCs within a 250-mile radius.
Freight Type,Reefer (Fresh and frozen groceries)
Driver Type,Company Driver
Home Time,Daily
Home Time Duration,Home daily
Dedicated Account?,Yes
Avg Weekly Miles,""1,600""
No Touch Freight,No (Assisted unload mixture)
Driver Load / Unload,Driver unload required at some locations (Pallet jack)","Category,Details
Average Weekly Pay,""$2,115 (Yearly average ~$110,000)""
CPM Range,$0.53 – $0.61 CPM
Stop Pay,$22.50 per stop
Short Haul Pay,N/A
Bonuses,$50/day ($250/week total if all 5 days are worked)
Training Pay,$200/day (New Hire); $20/hr (Safety Training)
Accessorial Pay,Detention ($15/hr after 1hr); Layover ($100/day)
Holiday Pay,$160/day","Category,Details
Equipment Type,Assigned automatic day cabs
Transmission Type,Automatics
Engine,Not Specified
Camera Orientation,""Front Facing, Event Only""
Bunks,None","Category,Details
SAP Drivers,Allowed (Must be at least 1 year old)
Teams Accepted,No
Owner Operators,Not Specified
Trainees,No","Category,Details
Experience Required,3 months
Endorsements,REAL ID CDL recommended (for military base deliveries)
Residency,Must have personal transportation to/from Brattleboro terminal
Shift / Schedule,Starts between 12:00 am – 5:00 am (12-hour shifts)
Work Days,Monday – Friday + every other Saturday
Hiring Area,""MA, NH, NY, VT"""
JB Hunt,Brattleboro VT | Tier 1,VT,5301,50,,"Category,Details
Job Description,Local delivery of fresh & frozen groceries to supermarkets and DCs within a 250-mile radius.
Freight Type,Reefer (Fresh & Frozen Groceries)
Driver Type,Company Driver
Home Time,Daily
Home Time Duration,Home daily; no take-home trucks allowed.
Dedicated Account?,Yes
Avg Weekly Miles,""1,600""
No Touch Freight,No (Mix of no-touch and assisted unload)
Driver Load / Unload,Driver unload required at some locations (Pallet jack)","Category,Details
Average Weekly Pay,""$1,730 (Yearly average $90,000)""
CPM Range,$0.53 – $0.61 per mile
Stop Pay,$22.50 per stop
Short Haul Pay,N/A
Bonuses,$50/day (Must work all 5 days to receive $250/week total)
Training Pay,$200/day (New Hire); $20/hr (Safety Training)
Accessorial Pay,Detention ($15/hr after 1hr); Layover ($100/day)
Holiday Pay,$160/day","Category,Details
Equipment Type,Assigned automatic day cabs
Transmission Type,Automatics
Engine,Not Specified
Camera Orientation,""Front Facing, Event Only""
Bunks,None","Category,Details
SAP Drivers,Allowed (Must be at least 1 year old)
Teams Accepted,No
Owner Operators,Not Specified
Trainees,No","Category,Details
Experience Required,3 months
Endorsements,REAL ID CDL recommended (for military base deliveries)
Residency,Must have personal transportation to/from Brattleboro terminal.
Shift / Schedule,Starts between 12:00 am – 5:00 am (Shift window).
Work Days,5-day work week; Sunday & Wednesday Off.
Hiring Area,""MA, NH, NY, VT"""
JB Hunt,C&S - Brattleboro VT | Tier 1 (Sun/Wed Off),VT,5301,50,,"Category,Details
Job Description,Local delivery of fresh & frozen groceries to supermarkets & distribution centers within a 250-mile radius. Runs Greater Boston; No NYC.
Freight Type,Reefer (Fresh & Frozen Groceries)
Driver Type,Company Driver
Home Time,Daily
Home Time Duration,Home daily; Trucks remain at project (no take-home).
Dedicated Account?,Yes
Avg Weekly Miles,""1,600""
No Touch Freight,No (Mix of no-touch and assisted unload)
Driver Load / Unload,Driver unload required at some locations (Electric pallet jack).","Category,Details
Average Weekly Pay,""$1,730 (Yearly average $90,000)""
CPM Range,$0.53 – $0.61 per mile
Stop Pay,$22.50 per stop
Daily Rate Bonus,$50/day (Must work all 5 days to receive $250/week total)
Training Pay,$200/day (New Hire); $20/hr (Safety Training)
Accessorial Pay,Detention ($15/hr after 1hr); Layover ($100/day); Refused Delivery ($22.50)
Holiday Pay,$160/day","Category,Details
Equipment Type,Assigned automatic day cabs
Transmission Type,Automatics
Engine,Not Specified
Camera Orientation,""Front Facing, Event Only""
Bunks,None","Category,Details
SAP Drivers,Allowed (Must be at least 1 year old)
Teams Accepted,No
Owner Operators,Not Specified
Trainees,No","Category,Details
Experience Required,3 months
Endorsements,REAL ID CDL recommended (for military base deliveries)
Residency,""Personal transportation required for commute to Brattleboro, VT.""
Shift / Schedule,Start window: 12:00 am – 5:00 am (12-hour shifts).
Work Days,5-day work week; Sunday & Wednesday Off.
Hiring Area,""MA, NH, NY, VT"""
JB Hunt,Ahold - Schodack Landing NY | Tier 1,NY,12156,50,,"Category,Details
Job Description,""Local dedicated delivery of palletized groceries. Operating within 250 miles of Albany, NY. No NYC.""
Freight Type,Dry Van & Reefer (Palletized)
Driver Type,Company Driver
Home Time,Daily
Home Time Duration,Home daily; trucks remain at the DC (no take-home).
Dedicated Account?,Yes
Avg Weekly Miles,Varies (Radius-based)
No Touch Freight,No
Driver Load / Unload,Driver Unload Required (Tailgate palletized freight using pallet jack).","Category,Details
Average Weekly Pay,""$1,857 (Yearly average $96,600)""
CPM Range,$0.76 – $0.78 CPM
Stop Pay,$40.00 per stop
Drop & Hook,$25.00 per drop
Daily Rate Bonus,$94/day (Must work all 5 days to receive)
Training Pay,$240/day (New Hire); $20/hr (Safety Training)
Holiday Pay,$200/day","Category,Details
Equipment Type,Automatic day cabs; 48' & 53' trailers.
Transmission Type,Automatics
Engine,Not Specified
Camera Orientation,""Front Facing, Event Only""
Bunks,None (Slip seat)","Category,Details
SAP Drivers,Allowed (Must be at least 1 year old)
Teams Accepted,No
Owner Operators,Not Specified
Trainees,No","Category,Details
Experience Required,3 months
Residency,""Must have personal transportation to/from Schodack Landing, NY.""
Shift / Schedule,Start window: 2100 – 0100 (Varied start times).
Work Days,Thursday – Monday; 6th day voluntary (mandatory during peak seasons).
Hiring Area,""CT, MA, NY, VT"""
JB Hunt,Ahold - Schodack Landing NY | Tier 1 (Fri-Tue Shift),NY,12156,50,,"Category,Details
Job Description,""Local dedicated delivery of palletized groceries for Ahold Delhaize. Operating within a 250-mile radius of Albany, NY. NO NYC.""
Freight Type,Dry Van & Reefer (Palletized)
Driver Type,Company Driver
Home Time,Daily
Home Time Duration,Home daily; trucks remain at the account (no take-home).
Dedicated Account?,Yes
Avg Weekly Miles,Varies (Radius-based)
No Touch Freight,No
Driver Load / Unload,Driver Unload Required (Assist tailgate palletized freight using provided pallet jack).","Category,Details
Average Weekly Pay,""$1,857 (Yearly average $96,600)""
CPM Range,$0.76 – $0.78 CPM
Stop Pay,$40.00 per stop
Drop & Hook,$25.00 per drop
Daily Rate Bonus,$94/day (Must work all 5 days to receive)
Training Pay,$240/day (New Hire); $20/hr (Safety Training)
Holiday Pay,$200/day
Off-Account Work,$225 – $400 per day (Depends on load nature)","Category,Details
Equipment Type,Automatic day cabs; 48' & 53' box/reefer trailers.
Transmission Type,Automatics
Engine,Not Specified
Camera Orientation,""Front Facing, Event Only""
Bunks,None (Slip seat assigned by seniority)","Category,Details
SAP Drivers,Allowed (Must be at least 1 year old)
Teams Accepted,No
Owner Operators,Not Specified
Trainees,No","Category,Details
Experience Required,3 months
Residency,""Personal transportation required to/from Nassau, NY daily.""
Shift / Schedule,Start window: 1900 – 0300 (Varies daily).
Work Days,Friday – Tuesday; 6th day voluntary (mandatory during high-volume seasons).
Hiring Area,""CT, MA, NY, VT"""
JB Hunt,Ahold - Chester NY | Tier 1,NY,10918,50,,"Category,Details
Job Description,""Local dedicated delivery of fresh and frozen groceries to supermarkets and DCs within a 250-mile radius. Includes NY, NJ, CT, and PA.""
Freight Type,Reefer (Fresh and frozen grocery)
Driver Type,Company Driver
Home Time,Daily
Home Time Duration,Home daily; trucks remain at the project (no take-home).
Dedicated Account?,Yes
Avg Weekly Miles,""1,409""
No Touch Freight,Mostly (Driver assist on some unloads)
Driver Load / Unload,Occasional Driver Unload","Category,Details
Average Weekly Pay,""$1,634 – $1,923 (Yearly $85k–$100k)""
CPM Range,$0.68 – $0.74 per mile
Stop Pay,$28.50 – $30.00 (Non-NYC); $62.50 (NYC Boroughs)
Short Haul Pay,N/A
Training Pay,$200/day (New Hire); $20/hr (Safety Training)
Accessorial Pay,Detention ($15/hr after 1-2 hrs); Truck Move ($50)
Holiday Pay,$280/day","Category,Details
Equipment Type,Day cab slip seat; 48 ft box reefer.
Transmission Type,Automatics and Manuals
Engine,Not Specified
Camera Orientation,""Front Facing, Event Only""
Bunks,None","Category,Details
SAP Drivers,Allowed (Must be at least 1 year old)
Teams Accepted,No
Owner Operators,Not Specified
Trainees,No
Restrictions,No Riders; No Pets","Category,Details
Experience Required,3 months
Special Restrictions,No NYC routes until 6 months on account and NYC training completed.
Residency,""Must have reliable personal transportation to Chester, NY DC.""
Shift / Schedule,Starts between 10 AM and 2 PM (12-hour shifts).
Work Days,Friday – Tuesday; Off Tuesday and Wednesday.
Hiring Area,""CT, NJ, NY, PA"""
Swift,Costco Mira Loma,CA,91752,30,,"Category,Details
Job Description,Dedicated local/regional runs for Costco. Drivers run within a 300-mile radius of Jurupa Valley.
Freight Type,Dry Van and Reefer
Driver Type,Company Driver
Home Time,Daily
Home Time Duration,Home Daily
Dedicated Account?,Yes
Avg Weekly Miles,""1,500 – 1,900""
No Touch Freight,Yes (98% Drop and Hook)
Driver Load / Unload,""Live Load, Live Unload, Drop and Hook""","Category,Details
Average Weekly Pay,""$1,100""
Day Guarantee,Average no less than $225 per day
CPM Range,Paid per completed trip
Short Haul Pay,N/A
Stop Pay,$10.00
Bonuses,No transition or hiring bonuses offered
Unload Pay,N/A","Category,Details
Equipment Type,Dry Van and Reefer
Transmission Type,""Automatics, Manuals""
Engine,Not Specified
Camera Orientation,""Front Facing, Event Only""
Bunks,None (Day cab service)","Category,Details
SAP Drivers,No
Teams Accepted,No
Owner Operators,No
Trainees,No","Category,Details
Experience Required,6 months (Listed as First Seat/Experienced)
Residency,Must live within 30 miles of 91752 (Jurupa Valley/Ontario)
Shift / Schedule,No set shifts or schedules. Must be able to drive both nights and days.
Work Days,""Must be able to work weekdays, weekends, and all holidays.""
Hiring Area,""Jurupa Valley/Ontario, CA area"""
Epes,Philip Morris local Chester VA,VA,23261,50,,"Category,Details
Job Description,Local switching and shuttle positions between manufacturing centers and warehouses.
Freight Type,Dry Van
Driver Type,Company Driver
Home Time,Daily
Home Time Duration,Home Daily
Dedicated Account?,Yes
Avg Weekly Miles,""1,000 – 1,250""
No Touch Freight,""Yes (Per """"Driver Unload: No"""")""
Driver Load / Unload,""No (Though listed as """"Labor Intensive"""" in profile summary)""","Category,Details
Average Weekly Pay,""$1,200 (Top performers $1,400 – $1,550)""
CPM Range,Hourly: $25.50
Short Haul Pay,N/A
Stop Pay,N/A
Bonuses,N/A
Unload Pay,N/A","Category,Details
Equipment Type,Day Cab Tandem Axle
Transmission Type,Automatics
Engine,Not Specified
Camera Orientation,""Front Facing, Event Only, Driver Facing""
Bunks,None (Assigned slip seat)","Category,Details
SAP Drivers,No
Teams Accepted,No
Owner Operators,Not Specified
Trainees,No","Category,Details
Experience Required,12 Months
Security Clearances,Must pass Philip Morris security clearances and extended background check.
Residency,""Commutable distance to Chester/Richmond, VA""
Shift / Schedule,1st Shift (11am–11pm) and 3rd Shift (11pm–11am)
Work Days,Sun–Fri (Friday shifts are extended 13-hour shifts closing the week)
Hiring Area,Virginia"
Epes,Cargill Gainesville GA Part Time,GA,30501,50,,"Category,Details
Job Description,Plant-to-plant shuttle and spotting trailers in a fast-paced yard operation. High endurance required.
Freight Type,Dry Van
Driver Type,Company Driver
Home Time,Daily
Home Time Duration,Home daily
Dedicated Account?,Yes
Avg Weekly Miles,N/A (Local spotting/shuttle)
No Touch Freight,Yes (No driver unload)
Driver Load / Unload,No","Category,Details
Average Weekly Pay,$640 avg (Part-Time)
CPM Range,Hourly: $26.00 (1st shift weekends) / $27.00 (2nd shift weekends)
Short Haul Pay,N/A
Stop Pay,N/A
Bonuses,$200 Quarterly Safety Bonus
Unload Pay,N/A","Category,Details
Equipment Type,Spotter / Yard Truck
Transmission Type,Automatics
Engine,Not Specified
Camera Orientation,""Front Facing, Event Only, Driver Facing""
Bunks,None (Slip seat)","Category,Details
SAP Drivers,No
Teams Accepted,No
Owner Operators,Not Specified
Trainees,No","Category,Details
Experience Required,12 Months
Physical Demands,Labor Intensive. Getting in/out of spotter continuously for 12hr shift in all weather conditions.
Residency,""Commutable distance to Gainesville, GA.""
Shift / Schedule,Weekends: Sat & Sun (0400-1600). Possible coverage during the week.
Work Days,Saturday & Sunday (Part-time status).
Hiring Area,Georgia"
Koch,KNL Tech II St. Paul 2nd Shift,MN,55117,50,,"Category,Details
Job Description,Diesel Technician II responsible for project work and advanced repairs on tractors and trailers.
Freight Type,N/A
Driver Type,Technician
Home Time,Daily
Home Time Duration,Home Daily
Dedicated Account?,N/A
Avg Weekly Miles,N/A
No Touch Freight,N/A
Labor Intensive,Yes (Advanced mechanical repairs)","Category,Details
Average Weekly Pay,Hourly (Based on experience)
Shift Differential,+$5.00/hour for 2nd shift hours.
Weekend Differential,+50% of base pay per hour.
Bonuses,""$7,500 Sign-on Bonus (Diesel Tech II); $10,000 (Reefer Tech).""
Quarterly Bonus,Yes
Allowances,""$300/yr Boot reimbursement; $1,200/yr Tool allowance.""","Category,Details
Equipment Type,""Tractors, Trailers, and Reefers""
Transmission Type,N/A
Engine,Diesel
Camera Orientation,N/A
Shop Environment,Clean and well-maintained facility.","Category,Details
SAP Drivers,No
Teams Accepted,No
Owner Operators,No
Trainees,No","Category,Details
Experience Required,2+ years of tractor maintenance experience preferred.
Education,High school diploma or equivalent; Associate's degree preferred.
Skill Level,Ability to independently complete advanced repairs.
Shift / Schedule,2nd Shift: Monday – Friday (3:30 PM – 12:00 AM).
Work Days,Monday – Friday
Hiring Area,""St. Paul, MN area (listing mentions MI/WI/MN)"""
Koch,KNL Tech II St. Paul 1st Shift,MN,55117,,,"Category,Details
Job Description,""Diesel Technician II responsible for project and repair work on tractors and trailers in a clean, well-maintained shop environment.""
Freight Type,N/A
Driver Type,Technician
Home Time,Daily
Home Time Duration,Home Daily
Dedicated Account?,N/A
Avg Weekly Miles,N/A
No Touch Freight,N/A
Labor Intensive,Yes (Advanced mechanical repairs)","Category,Details
Average Weekly Pay,Hourly (Based on experience)
Weekend Differential,+50% base pay per hour for Saturday hours.
Bonuses,""$7,500 Sign-on Bonus (Diesel Tech II); $10,000 (Reefer Tech).""
Quarterly Bonus,Yes
Allowances,""$300/yr Boot reimbursement; $1,200/yr Tool allowance.""
Training Pay,Paid ongoing training and development.","Category,Details
Equipment Type,""Tractors, Trailers, and Reefers""
Transmission Type,N/A
Engine,Diesel
Camera Orientation,N/A
Bunks,None","Category,Details
SAP Drivers,No
Teams Accepted,No
Owner Operators,No
Trainees,No","Category,Details
Experience Required,2+ years of tractor maintenance experience preferred.
Education,High school diploma or equivalent; Associate's degree preferred.
Skill Level,Ability to independently complete advanced repairs.
Shift / Schedule,1st Shift: Wednesday – Saturday (10-hour shifts).
Work Hours,5:30 AM – 4:00 PM.
Hiring Area,""St. Paul, MN area (listing mentions MI/WI/MN)"""
Koch,Koch Harding Minneapolis 1st Shift,MN,55413,,,"Category,Details
Job Description,""Diesel Technician II responsible for project and repair work on tractors and trailers in a clean, professional shop environment.""
Freight Type,N/A
Driver Type,Technician
Home Time,Daily
Home Time Duration,Home Daily
Dedicated Account?,N/A
Avg Weekly Miles,N/A
No Touch Freight,N/A
Labor Intensive,Yes (Advanced mechanical repairs)","Category,Details
Average Weekly Pay,Hourly (Based on experience)
Weekend Differential,+50% base pay per hour for Sunday hours.
Bonuses,""$7,500 Sign-on Bonus (Diesel Tech II); $10,000 (Reefer Tech).""
Quarterly Bonus,Yes
Allowances,""$300/yr Boot reimbursement; $1,200/yr Tool allowance.""
Holiday Pay,6 Paid Holidays + 3 Floating; 1.5x pay for working holidays.","Category,Details
Equipment Type,""Tractors, Trailers, and Reefers""
Transmission Type,N/A
Engine,Diesel
Camera Orientation,N/A
Shop Environment,Clean and well-maintained facility with modern tools.","Category,Details
SAP Drivers,No
Teams Accepted,No
Owner Operators,No
Trainees,No","Category,Details
Experience Required,2+ years of tractor maintenance experience preferred.
Education,High school diploma or equivalent; Associate's degree preferred.
Skill Level,Ability to independently complete advanced repairs.
Shift / Schedule,1st Shift: Sunday – Wednesday (10-hour shifts).
Work Hours,7:00 AM – 5:30 PM.
Hiring Area,""Minneapolis, MN area (listing mentions MI/WI/MN)"""
CR England,"Kroger - Denver, CO",CO,80011,50,,"Category,Details
Job Description,""Delivering refrigerated grocery loads from the Aurora DC to King Soopers stores in CO, Southern WY, and Eastern UT.""
Freight Type,Refrigerated (Reefer training provided)
Driver Type,Company Driver
Home Time,Daily (Local)
Home Time Duration,Local: Home daily (occasional surge overnights); Regional: 34-hr reset.
Dedicated Account?,Yes
Avg Weekly Miles,""1,700""
No Touch Freight,Yes
Driver Load / Unload,Mixture of live load/unload and drop-and-hook.","Category,Details
Average Weekly Pay,""$1,411 (Top performers $1,581)""
CPM Range,$0.70 – $0.80 CPM (Based on tenure)
Stop Pay,$17.00 per stop (Avg 13 stops/week)
Hourly Detention,$24.00/hr after 2 hours (Up to $150)
Mountain Bonus,""$1,000/mo Winter Mountain Bonus (Nov-Mar) - Regional Only.""
Safety Bonus,""Up to 3% additional for safe, on-time deliveries.""","Category,Details
Equipment Type,Mostly 2025 trucks
Transmission Type,Automatics (Equipped with auto-chains)
Engine,Not Specified
Camera Orientation,""Front Facing, Event Only""
Bunks,Sleeper for Regional; Day cab for Local (implied)","Category,Details
SAP Drivers,No
Teams Accepted,No
Owner Operators,No
Trainees,No","Category,Details
Experience Required,3 months
Schedule,No set schedule; 24/7 operation; requires 70-hour weekly commitment.
Interview,Over the phone interview required.
Orientation,Held in Salt Lake City (SLC) or Remote (4–5 days).
Residency,""Must live within hiring radii of Aurora or Rifle, CO.""
Hiring Area,""Colorado, Southern Wyoming"""
Swift,"Intermodal - Chicago, IL Regional",IL,,75,"54956, 50613, 49508, 46201","Category,Details
Job Description,""Regional Intermodal operation running through IA, WI, MI, and IN. Features less inner-city driving.""
Freight Type,""Container (Intermodal), Dry Van, Flatbed, Reefer""
Driver Type,Company Driver
Home Time,Twice a week
Home Time Duration,Not home daily; regional schedule.
Dedicated Account?,Yes (DED-INT)
Avg Weekly Miles,""1,500 – 2,000""
No Touch Freight,Yes
Driver Load / Unload,No","Category,Details
Average Weekly Pay,""$1,200 – $1,500""
CPM Range,$0.62 CPM base
Night Differential,""+$0.06 CPM (Mon–Fri, 7 PM–4 AM)""
Weekend Differential,+$0.12 CPM (Fri 7 PM–Mon 4 AM)
Stop / Load Pay,$20.00 per load
Bonuses,No Bonus Offer listed
Unload Pay,N/A","Category,Details
Equipment Type,Day Cab or Sleeper (No slip seat)
Transmission Type,""Automatics, Manuals""
Engine,Not Specified
Camera Orientation,""Front Facing, Event Only""
Bunks,Yes (Regional status)","Category,Details
SAP Drivers,No
Teams Accepted,Yes
Owner Operators,No
Trainees,No","Category,Details
Experience Required,6 months (Needs sheet requirement)
Endorsements,Hazmat preferred but not required
Residency,Must live within 75 miles of hiring zip codes
Shift / Schedule,Both Day/Night available
Work Days,Weekend and Holiday work required if on scheduled day
Hiring Area,""IA, IL, IN, WI"""
Swift,Intermodal - PA Regional,PA,17104,,,"Category,Details
Job Description,""Regional Intermodal operation based out of Jonestown, PA, serving the East Coast lane.""
Freight Type,""Container (Rail), Dry Van, Flatbed, Reefer""
Driver Type,Company Driver
Home Time,Twice a week
Home Time Duration,Regional schedule (not home daily).
Dedicated Account?,Yes (DED-INT)
Avg Weekly Miles,""1,800""
No Touch Freight,Yes
Driver Load / Unload,""Live Load, Live Unload, Drop and Hook""","Category,Details
Average Weekly Pay,""$1,800""
CPM Range,$0.62 CPM
Short Haul Pay,$40 added for any loaded trip under 99 miles
Stop Pay,No stop pay
Bonuses,No bonus offer listed
Unload Pay,N/A","Category,Details
Equipment Type,Rail Container
Transmission Type,""Automatics, Manuals""
Engine,Not Specified
Camera Orientation,""Front Facing, Event Only""
Bunks,Yes (Regional status)","Category,Details
SAP Drivers,No
Teams Accepted,Yes
Owner Operators,No
Trainees,No","Category,Details
Experience Required,6 months (Needs sheet requirement)
Endorsements,None required
Residency,Must live within 50 miles of Jonestown/Harrisburg area
Shift / Schedule,Both Day/Night available
Work Days,Weekend work required; Holiday work required if on scheduled day
Hiring Area,""Pennsylvania, Maryland"""
JB Hunt,Central States - Tooele UT | Tier 1,UT,84074,,,"Category,Details
Job Description,Semi-local delivery of metal roofing and siding on curtainside flatbeds throughout the Western US.
Freight Type,Flatbed (Curtainside)
Driver Type,Company Driver
Home Time,Semi-Local
Home Time Duration,Average 2–3 layovers per week.
Dedicated Account?,Yes
Avg Weekly Miles,""2,350""
No Touch Freight,No (Strapping/Unstrapping and Moffett usage)
Driver Load / Unload,Driver straps/unstraps; occasional unloading with Moffett forklift.","Category,Details
Average Weekly Pay,""$1,673 (Yearly $87,000+)""
CPM Range,$0.59 – $0.63 CPM
Short Haul Pay,N/A
Stop Pay,Not Specified (Average 4 stops per week)
Bonuses,Yearly $0.01 CPM increases until max of $0.63
Unload Pay,N/A","Category,Details
Equipment Type,""Assigned automatic sleeper trucks (Peterbilt, Freightliner, International)""
Transmission Type,Automatics
Trailer Type,Curtainside flatbed
Camera Orientation,""Front Facing, Event Only""
Bunks,Yes (Sleeper)","Category,Details
SAP Drivers,Allowed (Must be at least 1 year old)
Teams Accepted,No
Owner Operators,No
Trainees,No
Restrictions,No Riders; No Pets","Category,Details
Experience Required,3 months (Flatbed experience preferred)
Special Skills,Must be able to chain as weather dictates and run mountain routes.
Physical Demands,Operating curtainside systems and strapping loads.
Shift / Schedule,Monday – Saturday; Start times 06:00 am – 10:00 am.
Hiring Area,Utah"
JB Hunt,"Meijer - Tipp City, OH | Tier 1",OH,45371,,,"Category,Details
Job Description,Semi-local grocery delivery for Meijer stores. Mixture of 75% regional and 25% local runs covering the Midwest.
Freight Type,Dry Van & Reefer (Grocery)
Driver Type,Company Driver
Home Time,Semi-Local
Home Time Duration,Out 2–3 nights per week; 2 consecutive days off weekly.
Dedicated Account?,Yes
Avg Weekly Miles,""2,500""
No Touch Freight,Yes
Driver Load / Unload,No (85-90% Drop & Hook)","Category,Details
Average Weekly Pay,""$1,615 – $1,730 (Yearly $84k–$90k)""
Regional CPM,$0.63 CPM (Increases to $0.66 at 3 years)
Local CPM,$0.725 CPM (Increases to $0.745 at 3 years)
Stop Pay,$20 (Regional); $30 (Local); $30 (Backhaul)
Availability Bonus,$100/week (Must meet attendance/availability rules)
Training Pay,Paid at mileage/stop tiers
Accessorial Pay,Breakdown ($25/hr after 2 hrs); Safety ($20/hr)","Category,Details
Equipment Type,Single bunk sleeper trucks
Transmission Type,""Automatics, Manuals""
Engine,Not Specified
Camera Orientation,""Front Facing, Event Only""
Bunks,Yes (Single Bunk)","Category,Details
SAP Drivers,Allowed (Must be at least 1 year old)
Teams Accepted,No
Owner Operators,No
Trainees,No
Restrictions,No Riders; No Pets","Category,Details
Experience Required,3 months
Endorsements,Hazmat required within 90 days (Reimbursed)
Residency,Trucks stay at the Tipp City account during home time.
Shift / Schedule,02:00 AM Start Time.
Work Days,Includes one weekend day (usually); work holidays if scheduled.
Hiring Area,""Ohio, Indiana"""
JB Hunt,"Meijer - Tipp City, OH | Tier 1 (Night Shift)",OH,45371,,,"Category,Details
Job Description,""Semi-local grocery delivery for Meijer stores. Runs are a mix of 75% regional and 25% local, covering IL, IN, WI, OH, and MI.""
Freight Type,Dry Van & Reefer (Grocery)
Driver Type,Company Driver
Home Time,Semi-Local
Home Time Duration,Out 2–3 nights per week; 2 consecutive days off weekly.
Dedicated Account?,Yes
Avg Weekly Miles,""2,500""
No Touch Freight,Yes
Driver Load / Unload,No (85% Drop & Hook)","Category,Details
Average Weekly Pay,""$1,615 – $1,730 (Yearly $84k–$90k)""
Regional CPM,$0.63 CPM (Increases to $0.66 at 3 years)
Local CPM,$0.725 CPM (Increases to $0.745 at 3 years)
Stop Pay,$20 (Regional); $30 (Local); $30 (Vendor Backhaul)
Availability Bonus,$100/week (Must meet attendance/availability rules)
Training Pay,Mileage + stop pay for 3 days
Accessorial Pay,Breakdown ($25/hr after 2 hrs); Safety ($20/hr)","Category,Details
Equipment Type,Single bunk sleeper trucks
Transmission Type,""Automatics, Manuals""
Engine,Not Specified
Camera Orientation,""Front Facing, Event Only""
Bunks,Yes (Single Bunk)","Category,Details
SAP Drivers,Allowed (Must be at least 1 year old)
Teams Accepted,No
Owner Operators,No
Trainees,No
Restrictions,No Riders; No Pets","Category,Details
Experience Required,3 months
Endorsements,Hazmat required within 90 days (Reimbursed)
Residency,Trucks stay at the account in Tipp City during home time.
Shift / Schedule,Tuesday – Saturday; 10:00 PM (2200) Start Time.
Work Days,Tuesday – Saturday; work holidays if scheduled.
Hiring Area,""Ohio, Indiana"""
JB Hunt,"Siegwerk - Des Moines, IA",IA,50321,,,"Category,Details
Job Description,""Semi-local hauling of ink and other chemicals in tanker, reefer, or van trailers.""
Freight Type,""Tanker, Reefer, Dry Van (Ink/Chemicals)""
Driver Type,Company Driver
Home Time,Semi-Local
Home Time Duration,Weekly for reset and 1–2 times per week.
Dedicated Account?,Yes
Avg Weekly Miles,""2,300""
No Touch Freight,Yes
Driver Load / Unload,No (Live unloads handled by receiver; all outbound pre-loaded).","Category,Details
Average Weekly Pay,""$1,679 – $1,923 (Yearly $87k–$100k)""
CPM Range,$0.57 – $0.58 CPM
Stop Pay,$40 per stop; $80 per Tanker stop
Bonuses,""$1,000 Show Bonus; Weekly Safety/Service bonus up to $200""
Accessorial Pay,Breakdown ($15/hr)
Paid Holidays,6","Category,Details
Equipment Type,Automatic International sleepers; Sleeper Conventional
Transmission Type,Automatics
Engine,Not Specified
Camera Orientation,""Front Facing, Event Only""
Bunks,Yes (Sleeper)","Category,Details
SAP Drivers,Allowed (Must be at least 1 year old)
Teams Accepted,No
Owner Operators,No
Trainees,No
Restrictions,No Riders; No Pets","Category,Details
Experience Required,3 months
Endorsements,Hazmat required to schedule; Tanker required before start date.
Schedule,Sunday – Thursday; Start window 12:00 PM – 5:00 PM.
Operating Area,""IA, IL, IN, MO, KY, SC, NC, OH, WI, TX, PA, MN, KS, OK, MI, TN""
Hiring Area,Iowa"
JB Hunt,"Meijer - Lansing, MI",MI,48917,,,"Category,Details
Job Description,""Semi-local retail store deliveries for Meijer. Includes shuttling between Lansing, MI and Pleasant Prairie, WI.""
Freight Type,Retail Store Deliveries (Dry Van)
Driver Type,Company Driver
Home Time,Semi-Local
Home Time Duration,Out 2–3 nights per week; Sunday and Monday off.
Dedicated Account?,Yes
Avg Weekly Miles,""2,500""
No Touch Freight,Yes
Driver Load / Unload,No (85% Drop & Hook)","Category,Details
Average Weekly Pay,""$1,615 – $1,730 (Yearly $84k–$90k)""
CPM Range,$0.63 – $0.75 CPM (Based on regional/local mix)
Stop Pay,$20.00
Pay Tiers,75% regional (200+ miles); 25% local
Training Pay,$125 (Paid online orientation)
Paid Holidays,6","Category,Details
Equipment Type,Single Bunk Sleeper
Transmission Type,""Automatics, Manuals""
Engine,Not Specified
Camera Orientation,""Front Facing, Event Only""
Bunks,Yes (Single Bunk)","Category,Details
SAP Drivers,Allowed (Must be at least 1 year old)
Teams Accepted,No
Owner Operators,No
Trainees,No
Restrictions,No Riders; No Pets","Category,Details
Experience Required,3 months
Endorsements,Hazmat required within 90 days (Reimbursed)
Residency,Trucks stay at the account in Lansing during home time.
Shift / Schedule,Tuesday – Saturday; 10:00 AM Start Time.
Work Days,Tuesday – Saturday; Sunday/Monday off.
Hiring Area,Michigan"
Swift,Smithfield - Regional,UT,84118,200,,"Category,Details
Job Description,""Regional dedicated reefer lane running Sioux Falls, SD to Salt Lake City, UT.""
Freight Type,Refrigerated (DED-REF)
Driver Type,Company Driver
Home Time,Every Two Weeks
Home Time Duration,Over the road / Regional (out 14 days).
Dedicated Account?,Yes
Avg Weekly Miles,""2,800 – 3,800""
No Touch Freight,Yes
Driver Load / Unload,""No (Live Unload, Preload)""","Category,Details
Average Weekly Pay,""$1,300""
CPM Range (Teams),$0.65 – $0.72 CPM plus bonus
CPM Range (Mentors),$0.51 – $0.62 CPM plus bonus
Short Haul Pay,No short haul pay
Stop Pay,$25.00
Bonuses,Swift Driver Performance Bonus
Unload Pay,N/A","Category,Details
Equipment Type,Sleeper trucks
Transmission Type,""Automatics, Manuals""
Engine,Not Specified
Camera Orientation,""Front Facing, Event Only""
Bunks,Double (Team required)","Category,Details
Solo Drivers,CLOSED (Mentors and Teams only)
SAP Drivers,No
Teams Required,YES (Must have a teammate)
Owner Operators,No
Trainees,No","Category,Details
Experience Required,1 year (Experienced)
Endorsements,None required
Residency,Within 200 miles of Salt Lake City (84118)
Shift / Schedule,Both Day/Night; Weekend work required
Work Days,Every 2 weeks home; must work Thanksgiving or Christmas
Hiring Area,""CA, CO, ID, KS, NE, NV, SD, UT, WY"""
Swift,Georgia Pacific - Regional,"AL, FL, MS, SC",,,,"Category,Details
Job Description,Regional dry van freight primarily serving the Southeast and Mid-South regions.
Freight Type,Dry Van (DED-DRY)
Driver Type,Company Driver
Home Time,Once a week
Home Time Duration,Weekly home time.
Dedicated Account?,Yes
Avg Weekly Miles,""2,100 – 2,300""
No Touch Freight,Yes
Driver Load / Unload,No","Category,Details
Average Weekly Pay,""$1,100 – $1,300""
CPM Range,$0.55 CPM
Short Haul Pay,$40 for loads under 100 miles
Stop Pay,NO STOP PAY
Bonuses,""$100 (Based on availability, service, and safety)""
Unload Pay,N/A","Category,Details
Equipment Type,Sleeper trucks
Transmission Type,""Automatics, Manuals""
Engine,Not Specified
Camera Orientation,""Front Facing, Event Only""
Bunks,Yes","Category,Details
SAP Drivers,No
Teams Accepted,NO (Closed)
Owner Operators,NO
Trainees,""YES (Note: Needs sheet says No, Account Overview says Yes)""","Category,Details
Experience Required,6 months (Needs sheet requirement)
Endorsements,None required
Residency,""Must live within 50 miles of hub cities in AL, FL, MS, or SC""
Shift / Schedule,Both Day/Night available
Work Days,Weekend work required; All holidays except Christmas
Hiring Area,""AL, FL, MS, SC"""
Swift,"Great Lakes Regional – Gary, IN",IN,46406,300,,"Category,Details
Job Description,""Regional OTR freight operating across the Central, East, and North Central regions. Based out of Gary, IN.""
Freight Type,Dry Van (OTR-DRY)
Driver Type,Company Driver
Home Time,Every two weeks
Home Time Duration,14 days out; Regional OTR schedule.
Dedicated Account?,No (General Freight)
Avg Weekly Miles,""1,700 – 2,400""
No Touch Freight,Yes
Driver Load / Unload,""No (Mix of live load/unload, preload, and drop & hook)""","Category,Details
Average Weekly Pay,""$1,100 – $1,500""
CPM Range,$0.56 CPM (Starting) up to $0.65 CPM
Short Haul Pay,Not Specified
Stop Pay,Not Specified
Bonuses,""Driver Ranking Bonus (Safety, performance, and tenure)""
Unload Pay,N/A","Category,Details
Equipment Type,Dry Van trailers
Transmission Type,""Automatics, Manuals""
Engine,Not Specified
Camera Orientation,""Front Facing, Event Only""
Bunks,Yes (Sleeper)","Category,Details
SAP Drivers,No
Teams Accepted,Not Specified
Owner Operators,Not Specified
Trainees,Yes (Accepted)","Category,Details
Experience Required,0 – 6 months (Open to Trainees and First Seat)
Endorsements,None required
Residency,""Must live within 300 miles of Gary, IN (46406)""
Shift / Schedule,""Multiple options: Day, Night, Rotation, Sun-Thu, or Tue-Sat""
Operating Area,""Central US (KS to PA, MN to GA)""
Hiring Area,""IA, IL, IN, KY, MI, MN, MO, OH, WI"""
Swift,"Walmart – Harrisonville, MO",MO,64701,200,,"Category,Details
Job Description,""Dedicated grocery account hauling reefer and dry van loads to Springfield, St. Joe, and Topeka.""
Freight Type,Reefer & Dry Van (DED-WAL GRO)
Driver Type,Company Driver
Home Time,Weekly
Home Time Duration,34-hour restarts.
Dedicated Account?,Yes
Avg Weekly Miles,Consistent (Option to run 6 days/week)
No Touch Freight,Yes
Driver Load / Unload,No","Category,Details
Average Weekly Pay,""$1,100 – $1,200""
CPM Range,$0.49 (0 months) – $0.60 (3 years)
Short Haul Pay,Not Specified
Stop Pay,Not Specified
Bonuses,""Driver Ranking Bonus (Safety, performance, and tenure)""
Unload Pay,N/A","Category,Details
Equipment Type,Reefer and Dry Van trailers
Transmission Type,""Automatics, Manuals""
Engine,Not Specified
Camera Orientation,""Front Facing, Event Only""
Bunks,Yes (Sleeper)","Category,Details
SAP Drivers,No
Teams Accepted,Prior approval needed (Solo-focused)
Owner Operators,Yes
Trainees,Yes (Accepted per Job Details; Note: Needs sheet says No)","Category,Details
Experience Required,12 months (per Needs Sheet)
Endorsements,None required
Residency,""Must live within 51–200 miles of Harrisonville, MO""
Shift / Schedule,Nights only; Weekend and Holiday work required
Dress Code,""No long nails, heels, or open-toe shoes""
Hiring Area,""KS, MO, AR, IA, IL, NE, OK"""
Swift,"Walmart – Corinne, UT Regional",UT,84307,,,"Category,Details
Job Description,""High-pace, demanding 24/7 dedicated grocery operation. All loads are round trips starting from the Corinne hub.""
Freight Type,Reefer (3-zone roll door) & Dry Van
Driver Type,Company Driver
Home Time,Once a week
Home Time Duration,Weekly home time.
Dedicated Account?,Yes
Avg Weekly Miles,""2,500 – 3,000""
No Touch Freight,Yes
Driver Load / Unload,No","Category,Details
Average Weekly Pay,""$1,000 – $1,500 (Yearly $60k – $75k)""
CPM Range,""Varies (Refer to """"Walmart Corinne PAY"""" PDF for specifics)""
Short Haul Pay,$20 for loads under 250 miles
Stop Pay,""$10 for 1st stop, $15 per stop thereafter""
Bonuses,""Driver Ranking Bonus (Safety, performance, and tenure)""
Unload Pay,N/A","Category,Details
Equipment Type,Automatic sleeper trucks
Transmission Type,Automatics (listed in Job Details)
Engine,Not Specified
Camera Orientation,""Front Facing, Event Only""
Bunks,Yes (Sleeper)","Category,Details
SAP Drivers,No
Teams Accepted,Yes
Owner Operators,Yes
Trainees,Yes (Accepted)","Category,Details
Experience Required,0 – 6 months (Open to Trainees)
Endorsements,None required
Shift / Schedule,Both Day/Night available; 24/7 operation
Work Days,Weekend and Holiday work required
Hiring Area,""CO, ID, UT, WY (Specific cities like SLC, St. George, Idaho Falls)"""
Swift,Kraft - Eastern Regional,"IA, IL, OH",,,,"Category,Details
Job Description,""Dedicated Kraft dry van freight hauling core lanes between IA, IL, and OH with occasional CA outbound.""
Freight Type,Dedicated Dry Van
Driver Type,Company Driver
Home Time,Weekly
Home Time Duration,34-hour restarts.
Dedicated Account?,Yes
Avg Weekly Miles,""2,200""
No Touch Freight,Yes (Preloaded/Drop & Hook focus)
Driver Load / Unload,No (Mix of live load/unload and drop & hook)","Category,Details
Average Weekly Pay,""$1,300""
CPM Range,$0.60 (0–6 mo) up to $0.70 (97+ mo)
Short Haul Pay,Not Specified
Stop Pay,Not Specified
Bonuses,""Driver Ranking Bonus (Safety, performance, and tenure)""
Unload Pay,N/A","Category,Details
Equipment Type,Dry Van
Transmission Type,""Automatics, Manuals""
Engine,Not Specified
Camera Orientation,""Front Facing, Event Only""
Bunks,Yes (Sleeper)","Category,Details
SAP Drivers,No
Teams Accepted,Limited (Solo-focused)
Owner Operators,Not Specified
Trainees,No (Per Needs Sheet; Job Details say yes)","Category,Details
Experience Required,6 months (Per Needs Sheet)
Endorsements,None required
Residency,""Commutable distance to terminals in IA, IL, or OH""
Shift / Schedule,Both Day/Night available
Work Days,Weekend work required; holidays based on capacity needs
Hiring Area,""IL, IN, MI, OH, WI"""
Swift,Georgia Pacific – Rincon,"GA, SC",31326,25,,"Category,Details
Job Description,""Dedicated dry van freight serving the East region. Hubs include Savannah, McDonough, Darlington, and Big Island.""
Freight Type,Dry Van (DED-DRY)
Driver Type,Company Driver
Home Time,Once a week
Home Time Duration,Weekly home time.
Dedicated Account?,Yes
Avg Weekly Miles,""1,600""
No Touch Freight,Yes
Driver Load / Unload,""No (Mix of live load/unload, preload, and drop & hook)""","Category,Details
Average Weekly Pay,""$1,100 – $1,300""
CPM Rate,$0.64 CPM
Short Haul Pay,$40 for loads under 100 miles
Stop Pay,NO STOP PAY
Bonus Offer,""$225 (Weekly performance, safety, and service bonus)""
Unload Pay,N/A","Category,Details
Equipment Type,Dry Van
Transmission Type,""Automatics, Manuals""
Engine,Not Specified
Camera Orientation,""Front Facing, Event Only""
Bunks,Yes (Sleeper)","Category,Details
SAP Drivers,No
Teams Accepted,NO (Closed)
Owner Operators,NO
Trainees,NO","Category,Details
Experience Required,6 months (First Seat)
Endorsements,None required
Residency,""Must live within 25 miles of Savannah, GA or Charlotte, NC""
Shift / Schedule,Both Day/Night available
Work Days,Weekend work required; all holidays except Christmas
Hiring Area,""GA, SC"""
Swift,625 - Automotive,MI,,200,"48134, 48164","Category,Details
Job Description,""Dedicated OTR automotive freight. Runs outbound from MI, then worked back to MI from various delivery locations.""
Freight Type,Dry Van (OTR-DRY)
Driver Type,Company Driver
Home Time,Every two weeks
Home Time Duration,14 days out; 34-hour restarts.
Dedicated Account?,Yes
Avg Weekly Miles,""1,500 – 2,100""
No Touch Freight,Yes
Driver Load / Unload,""No (Mix of live load/unload, preload, and drop & hook)""","Category,Details
Average Weekly Pay,""$1,200 – $1,500""
CPM Range,Standard OTR Pay Scale
Short Haul Pay,Same as OTR
Stop Pay,$15.00
Bonuses,Swift Driver Performance Bonus
Unload Pay,N/A","Category,Details
Equipment Type,Dry Van
Transmission Type,""Automatics, Manuals""
Engine,Not Specified
Camera Orientation,""Front Facing, Event Only""
Bunks,Yes (Sleeper)","Category,Details
SAP Drivers,No
Teams Accepted,NO (Closed)
Owner Operators,Yes
Trainees,Yes (Accepted)","Category,Details
Experience Required,0 – 6 months (Open to Trainees)
Endorsements,None required
Residency,""Must live within 200 miles of New Boston or Brownstown, MI""
Shift / Schedule,Both Day/Night available
Running Areas,""New Boston, Brownstown, Marysville, Toledo, Flint, Battle Creek""
Hiring Area,""IN, MI, NY, OH, PA, WV"""
Swift,"Dollar Tree – Berwick, PA",PA,,,"18603, 21220, 21078, 21074, 17603","Category,Details
Job Description,Dedicated Dollar Tree account involving high-volume physical unloads and night driving.
Freight Type,Dry Van (DED-DRY)
Driver Type,Company Driver
Home Time,Once a week
Home Time Duration,Weekly home time; 34-hour restarts.
Dedicated Account?,Yes
Avg Weekly Miles,""1,000""
No Touch Freight,NO
Driver Load / Unload,""Driver Unload Required (Full hand unload; 5,000+ pieces).""","Category,Details
Average Weekly Pay,""$1,600 – $1,900""
CPM Range,$1.10 per mile
Unload Pay,$270.00 per load
Stop Pay,$17.00 per stop
Bonuses,""Driver Ranking Bonus (Safety, performance, and tenure)""
Training Pay,$300 (Paid online orientation)","Category,Details
Equipment Type,Dry Van
Transmission Type,""Automatics, Manuals""
Engine,Not Specified
Camera Orientation,""Front Facing, Event Only""
Bunks,Yes (Sleeper)","Category,Details
SAP Drivers,No
Teams Accepted,Not Specified
Owner Operators,Not Specified
Trainees,No (First Seat/Experienced Only)","Category,Details
Experience Required,6 months (Per Needs Sheet)
Physical Demands,""Extremely High. Must be able to handle 5,000+ piece physical unloads.""
Skill Requirements,Must be comfortable with night driving and tight backing locations.
Residency,""Must live within 50 miles of hiring zip codes (Baltimore, Berwick, etc.).""
Hiring Area,""DC, DE, MD, NJ, PA, VA"""
Swift,"Walmart – Johnstown, NY Regional",NY,12095,200,,"Category,Details
Job Description,Dedicated Walmart Grocery account hauling reefer and dry van loads. High-volume regional operation.
Freight Type,Dedicated Grocery (Reefer & Dry Van)
Driver Type,Company Driver
Home Time,Every 2–3 weeks
Home Time Duration,Regional schedule; 14–21 days out.
Dedicated Account?,Yes
Avg Weekly Miles,Consistent (5–6 day work week)
No Touch Freight,Yes
Driver Load / Unload,No (Possible drop and hook)","Category,Details
Average Weekly Pay,""$1,600""
Guaranteed Pay,""$1,000/week guaranteed for the first 6 months""
CPM Range (Solo),$0.69 (0 mo) – $0.81 (36+ mo)
Stop Pay,$10 for 1st stop; $15 for each additional
Short Haul Pay,$15 flat on loads with 1–50 loaded miles
Detention Pay,$20/hour after 2 hours
Additional Pay,$15.00 second load pay","Category,Details
Equipment Type,Sleeper trucks; Reefer & Dry Van trailers
Transmission Type,""Automatics, Manuals""
Engine,Not Specified
Camera Orientation,""Front Facing, Event Only""
Bunks,Yes","Category,Details
Hiring Restrictions,""No hiring from Buffalo, NYC, or Boston""
SAP Drivers,No
Teams Accepted,NO (Closed)
Owner Operators,NO
Trainees,Yes (Accepted per Job Details; Note: Needs sheet says No)","Category,Details
Experience Required,6 months (Per Needs Sheet)
Endorsements,None required
Residency,""Must live within 200 miles of Johnstown, NY (excluding restricted cities)""
Shift / Schedule,""Day, Night, or Both available; Night/Weekend work expected""
Work Days,Includes holidays and winter weather driving
Hiring Area,""CT, MA, NH, NJ, NY"""
Swift,Georgia Pacific – Huntsville,AL,35801,,,"Category,Details
Job Description,""Dedicated dry van freight hauling """"out and back"""" runs from the Huntsville hub with expectations of backhauls.""
Freight Type,Dedicated Dry Van
Driver Type,Company Driver
Home Time,Once a week
Home Time Duration,Weekly home time.
Dedicated Account?,Yes
Avg Weekly Miles,""1,800 – 2,000""
No Touch Freight,Yes
Driver Load / Unload,No (Mostly drop and hook)","Category,Details
Average Weekly Pay,""$1,200 – $1,400""
Short Haul Pay,No
Stop Pay,No
Unload Pay,No
Bonuses,""Driver Ranking Bonus (Safety, performance, and tenure)""
Orientation Pay,$300 (Paid only if officially hired)","Category,Details
Equipment Type,Dry Van
Transmission Type,""Automatics, Manuals""
Engine,Not Specified
Camera Orientation,""Front Facing, Event Only""
Bunks,Yes (Sleeper)","Category,Details
SAP Drivers,No
Teams Accepted,NO (Closed)
Owner Operators,NO
Trainees,NO (Experienced drivers only)","Category,Details
Experience Required,6 months (Per Needs Sheet)
Endorsements,None required
Residency,""Must live within 50 miles of Montgomery or Birmingham, AL""
Shift / Schedule,Both Day/Night available
Work Days,Weekend work required; all holidays except Christmas
Hiring Area,Alabama"
Swift,"Great Lakes Regional – Detroit, MI",MI,48164,300,,"Category,Details
Job Description,Regional Great Lakes freight operation focusing on OTR dry van loads throughout the region.
Freight Type,Dry Van (OTR-DRY)
Driver Type,Company Driver
Home Time,Every Two Weeks
Home Time Duration,14 days out; OTR/Regional mix.
Dedicated Account?,No (General Freight)
Avg Weekly Miles,""1,500 – 2,000""
No Touch Freight,Yes
Driver Load / Unload,""No (Mix of drop & hook, preload, and live load/unload)""","Category,Details
Average Weekly Pay,""$1,100 – $1,500""
CPM Rate,$0.56 per mile (Starting 0–6 months)
Short Haul Pay,Not Specified
Stop Pay,Not Specified
Bonuses,""Driver Ranking Bonus (Safety, performance, and tenure)""
Orientation Pay,$300 (Paid only if officially hired)","Category,Details
Equipment Type,Dry Van trailers
Transmission Type,""Automatics, Manuals""
Engine,Not Specified
Camera Orientation,""Front Facing, Event Only""
Bunks,Yes (Sleeper)","Category,Details
SAP Drivers,No
Teams Accepted,Not Specified
Owner Operators,Not Specified
Trainees,Yes (Accepted)","Category,Details
Experience Required,0 – 6 months (Open to Trainees and First Seat)
Endorsements,None required
Residency,""Must live within 300 miles of New Boston, MI""
Shift / Schedule,Both Day and Night shifts required
Operational Challenges,Cold weather operations and variable routes
Hiring Area,""IL, IN, KY, MD, MI, NY, OH, PA, WI, WV"""
Barr-Nunn,OTR 11 North,PA,17345,,,"Category,Details
Job Description,Over-the-road dry van operation focusing on the North/Northeast lanes. High emphasis on safety bonuses.
Freight Type,Dry Van
Driver Type,Company Driver
Home Time,Every other weekend
Home Time Duration,3 days off every 14 days.
Dedicated Account?,No (General Freight)
Avg Weekly Miles,High (Expected annual $90k+)
No Touch Freight,Yes
Driver Load / Unload,No","Category,Details
Average Weekly Pay,""$1,730 – $1,923 (Yearly $90k–$100k)""
Band Pay,Higher pay per mile for loads under 400 miles to boost earnings.
CSA Safety Bonus,$700 – $875 + PTO paid every 90 days.
On-Road Safety Bonus,$600 paid every 90 days.
Anniversary Bonus,$100 per year of service (no cap).
Transition Bonus,CSA and On-Road bonuses paid on 1st check.","Category,Details
Equipment Type,Late-model sleepers
Transmission Type,Automatics
Engine,Not Specified
Camera Orientation,Event Only
PasSmart,Access to 68 MPH for 60 mins/day for safe drivers.","Category,Details
SAP Drivers,No
Teams Accepted,Yes
Owner Operators,Yes (Leasing options available)
Trainees,No","Category,Details
Experience Required,9 months
Endorsements,Hazmat preferred (results in higher safety bonuses)
Physical Demands,Must pass Human Performance Evaluation (HPE)
Orientation,4 days; Monday start; $300 Orientation Pay
Hiring Area,""CT, DE, IL, IN, KY, MA, MD, NJ, OH, PA, RI, VA"""
Barr-Nunn,Regional North,PA,17345,,,"Category,Details
Job Description,Regional dry van operation focusing on Northern/Northeast lanes with guaranteed weekend home time.
Freight Type,Dry Van
Driver Type,Company Driver
Home Time,Weekends
Home Time Duration,Weekly home time (Weekends).
Dedicated Account?,No (General Freight)
Avg Weekly Miles,High (Expected annual $85k+)
No Touch Freight,Yes
Driver Load / Unload,No","Category,Details
Average Weekly Pay,""$1,634 – $2,019 (Yearly $85k–$105k)""
Band Pay,Higher pay per mile for hauls under 400 miles (Sh shorter hauls = higher pay).
CSA Safety Bonus,$700 – $875 + PTO paid every 90 days.
On-Road Safety Bonus,$600 every 90 days.
Anniversary Bonus,$100 per year of service (No cap).
Transition Bonus,CSA and On-Road bonuses paid on 1st check; extra bonus after 30 days.","Category,Details
Equipment Type,Late-model sleepers
Transmission Type,Automatics
Engine,Not Specified
Camera Orientation,Event Only
Speed/PasSmart,Access to 68 MPH for 60 mins/day for safe drivers.","Category,Details
SAP Drivers,No
Teams Accepted,Yes
Owner Operators,Yes
Trainees,No","Category,Details
Experience Required,9 months
Endorsements,Hazmat preferred (increases CSA safety bonus amount).
Physical Demands,Must pass Human Performance Evaluation (HPE).
Orientation,4 days; Monday start; $300 Orientation Pay.
Hiring Area,""CT, DE, IL, IN, KY, MA, MD, NJ, OH, PA, RI"""
CR England,Ded-Dollar Tree Warrensburg-MO,MO,64093,100,,"Category,Details
Job Description,Dedicated Dollar Tree account for active drivers. Involves high-pace physical unloading using rollers to deliver dry freight to retail stores.
Freight Type,Dry Van (Dedicated)
Driver Type,Company Driver
Home Time,Weekly
Home Time Duration,34-hour reset (Typically includes Saturday or Sunday).
Dedicated Account?,Yes
Avg Weekly Miles,""1,600""
No Touch Freight,NO
Driver Load / Unload,Driver Unload Required (Hand unload using rollers; no pallets or lumpers).","Category,Details
Average Weekly Pay,""$1,610 (Top earners $2,099)""
CPM Range,$0.70 (0-8 mos) – $0.76 (49+ mos)
Load Pay,$320 per load (Average 2 loads per week)
Stop Pay,Included in load/mileage (4-5 stops per load)
Bonuses,Up to 3% Safe & On-Time Mileage Bonus
Mentor Pay,$220 per day (5-Day Mentor Pay)","Category,Details
Equipment Type,Sleeper trucks (Take-home permitted)
Transmission Type,Automatics
Engine,Not Specified
Camera Orientation,""Front Facing, Event Only""
Unloading Gear,Roller system provided in trailer","Category,Details
SAP Drivers,No
Teams Accepted,Not Specified (Solo focused)
Owner Operators,Not Specified
Trainees,No","Category,Details
Experience Required,6 months
Physical Demands,High. Must be willing/able to hand-unload entire trailers.
Shift / Schedule,Store deliveries start at 05:00 or 23:00; requires 24/7 flexibility.
Operating Area,""MN, SD, ND, IA, NE, KS, MO, AR, OK, TN, KY""
Hiring Area,""MO, MN, NE, IA, UT"""
CR England,Ded-Dollar Tree Joliet IL,IL,60436,75,,"Category,Details
Job Description,""Dedicated Regional dry freight delivery out of Joliet to WI, IA, MN, MI, IN, and Northern KY. High-activity role involving three turns per week.""
Freight Type,Dry Van (Dedicated)
Driver Type,Company Driver
Home Time,Weekly
Home Time Duration,34-hour reset (usually Saturday/Sunday or Sunday/Monday).
Dedicated Account?,Yes
Avg Weekly Miles,""~1,500 – 1,800 (Based on 3 loads/week)""
No Touch Freight,NO
Driver Load / Unload,Driver Unload Required (Hand unload at customer using rollers; no lumpers or pallet jacks).","Category,Details
Average Weekly Pay,""$1,756 (Top earners $1,949)""
CPM Range,$0.82 (0-6 mos) – $0.88 (61+ mos)
Load Pay,$340 per load (Average 3 loads per week)
Backhaul Pay,$25 per occurrence
Detention Pay,$0 per hour
Mentor Pay,$150 per day (5-Day Mentor Pay)
Annualized Pay,""$91,309 – $101,326""","Category,Details
Equipment Type,Sleeper trucks pulling 53' dry trailers
Transmission Type,Automatics
Engine,Not Specified
Camera Orientation,""Front Facing, Event Only""
Take Home Truck,Yes (Must have a safe and secure place to park)","Category,Details
SAP Drivers,No
Teams Accepted,Not Specified
Owner Operators,Not Specified
Trainees,No (First Seat/Experienced Only)","Category,Details
Experience Required,6 months
Physical Demands,Very High. Constant hand unloading of retail freight using a roller system.
Shift / Schedule,Mon-Fri or Tue-Sat (Decided during interview).
Stops per Load,3 to 5 stops on average.
Hiring Area,Illinois (75-mile radius of Joliet)"
CR England,Ded-Family Dollar St George UT,UT,84790,,,"Category,Details
Job Description,Dedicated Family Dollar account hauling dry freight. High-activity role requiring manual unloading at store locations.
Freight Type,Dry Van (Dedicated)
Driver Type,Company Driver
Home Time,Weekly
Home Time Duration,34-hour reset; days off vary based on demand.
Dedicated Account?,Yes
Avg Weekly Miles,""1,400 – 1,700""
No Touch Freight,NO
Driver Load / Unload,Driver Unload Required (Hand unload using rollers; ground level climbing required).","Category,Details
Average Weekly Pay,""$1,759 (Top earners $2,274)""
CPM Range,$0.62 (0-6 mos) – $0.68 (61+ mos)
Load Pay,$320 per load (Average 1-2 loads per week)
Detention Pay,$0 per hour
Bonuses,Up to 3% Safe & On-Time Mileage Bonus
Annualized Pay,""$91,000 – $118,000""","Category,Details
Equipment Type,Tandem-Axle Sleeper trucks pulling 53' trailers
Transmission Type,Automatics
Engine,Not Specified
Camera Orientation,""Front Facing, Event Only""
Facility Location,""4815 South River Road, St. George, UT""","Category,Details
SAP Drivers,No
Teams Accepted,Not Specified
Owner Operators,Not Specified
Trainees,No (First Seat/Experienced Only)","Category,Details
Experience Required,6 months
Physical Demands,High. Hand unloading with rollers; frequent climbing in/out of trailer.
Shift / Schedule,06:00 AM Start Time; up to 14-hour workdays.
Operating Area,""NV, CA, AZ, MT, NM, ND, SD, UT""
Hiring Area,""NM, UT, NV"""
CR England,"Dollar Tree – West Memphis, AR",AR,72301,,,"Category,Details
Job Description,Full-time dedicated dry freight delivery out of West Memphis to multiple Southern and Midwestern states. Highly active role.
Freight Type,Dry Van (Dedicated)
Driver Type,Company Driver
Home Time,Weekly
Home Time Duration,34-hour reset weekly.
Dedicated Account?,Yes
Avg Weekly Miles,""1,500""
No Touch Freight,NO
Driver Load / Unload,Driver Unload Required (Unloading full trailers using roto-carts and lift gates).","Category,Details
Average Weekly Pay,""$1,380 (Top earners $1,700)""
CPM Range,$0.515 (0-1 yr) – $0.605 (9 yrs)
Load Pay,$150 per load (Average 3 loads per week)
Stop Pay,Included (Average 3 stops per load)
Detention Pay,$0 per hour
Mentor Pay,$200 per day (5-Day Mentor Pay)
Annualized Pay,""$71,760 – $88,400""","Category,Details
Equipment Type,Sleeper trucks pulling 53' dry trailers
Transmission Type,Automatics
Engine,Not Specified
Camera Orientation,""Front Facing, Event Only""
Parking,Drivers need to park truck at home or a secure location.","Category,Details
SAP Drivers,No
Teams Accepted,Not Specified
Owner Operators,Not Specified
Trainees,No (First Seat/Experienced Only)","Category,Details
Experience Required,6 months
Physical Demands,High. Hand-unloading using roto-carts and lift gates.
Shift / Schedule,Full-time schedule with variable delivery windows.
Operating Area,""TX, OK, TN, AR, LA, MS, MO, KY, IL, AL""
Hiring Area,""AR, MO, MS, TN (100-mile radius of West Memphis)"""
Hogan,Target West Jefferson Team,OH,43162,90,,"Category,Details
Job Description,""Dedicated FDC (Food Distribution Center) team grocery account delivering to Target stores. Requires hauling perishables, pork, and alcohol.""
Freight Type,Reefer (Multiple temp zones) & Dry Van
Driver Type,Company Driver (Teams)
Home Time,Weekly
Home Time Duration,34–48 hours (Consecutive days off).
Dedicated Account?,Yes
Avg Weekly Miles,""4,300 (Team)""
No Touch Freight,Yes (100% no-touch; driver counts pallets)
Driver Load / Unload,Driver assist at some stores; responsible for bulkheads and rear doors.","Category,Details
Average Weekly Pay,""$2,258 (Per Team)""
Annualized Pay,""$117,416 (W-2 Average)""
Mileage Pay,$1.00 / mi split
Stop Pay,$18.00 / stop split (Avg 12 stops/week)
Sign-On Bonus,""$10,000 Split ($5,000 per driver)""
Guaranteed Pay,""$1,200 weekly guarantee for the first 60 days""
Holiday Pay,$80.00 (Eligible after 30 days)","Category,Details
Equipment Type,2024+ Freightliner and International Sleeper Trucks
Transmission Type,Automatics
Trailer Type,53' (Swing/Roll door) and 28' (Lift gate)
Camera Orientation,Front Facing and Driver Facing (Event Only)
Take Home Truck,No (Trucks parked at DC or Indy shop)","Category,Details
Drug Test Type,Hair Follicle
SAP Drivers,No
Owner Operators,No
Trainees,No
Slip Seat,No (Assigned Trucks)","Category,Details
Experience Required,6 months
Endorsements,None specified (Must haul alcohol/pork)
Shift / Schedule,Block dispatch (4-hour windows); Must work at least one weekend day.
Training,""4 days (2 FDC runs, 2 RDC runs); Paid $250/day.""
Pets / Riders,Allowed after 90 days.
Hiring Area,""OH, KY, IN (Specific radii around hubs)"""
National Carriers,Regional,TX,75060,,,"Category,Details
Job Description,Regional refrigerated freight operation. Includes a mix of multi-stop freight with higher accessorial pay compared to OTR.
Freight Type,Refrigerated (Reefer)
Driver Type,Company Driver
Home Time,Out 10–14 days
Home Time Duration,1 day off for every 6 days out (Max 4 days).
Dedicated Account?,No (General Freight)
Avg Weekly Miles,""2,200 – 2,400 (Regional)""
No Touch Freight,Yes (100%)
Driver Load / Unload,No (50% Drop & Hook)","Category,Details
Average Weekly Pay,""$1,200 – $1,400 gross""
Line Haul Rate,$0.50 CPM
Accessorial Pay,$0.03 – $0.04 CPM weekly
Performance Bonus,$0.04 CPM
Sign-On Bonus,""$3,000 ($300/mo for 10 months)""
Orientation Pay,$250 for 3 days","Category,Details
Equipment Type,2019–2021 Kenworth T-680s
Transmission Type,Automatics and Manuals
Amenities,""APU, Refrigerator, Bluetooth, Double Bunks, 2500-watt Inverter""
Camera Orientation,""Front Facing, Event Only""
Truck Speed,68 MPH
Take Home Truck,Yes","Category,Details
Drug Test Type,Urine Only
SAP Drivers,No
Teams Accepted,""Yes (4,500 – 5,000 miles/week)""
Owner Operators,Not Specified
Trainees,No","Category,Details
Experience Required,6 months
Endorsements,Hazmat (approx. 10% of loads)
Orientation,""3 days in Irving, TX; Air travel/lodging/meals provided.""
Rider/Pet Policy,Yes (Both allowed)
Hiring Area,""AR, CO, IA, IL, IN, KS, MO, NE, OH, OK, TX"""
Sharkey,Home Every Weekend,IL,62301,,,"Category,Details
Job Description,""Regional dry van, reefer, or flatbed operation with a primary focus on getting drivers home every weekend.""
Freight Type,""Dry Van, Reefer, Flatbed""
Driver Type,Company Driver
Home Time,Home Every Weekend
Home Time Duration,Weekly (Weekends)
Dedicated Account?,No (General Freight)
Avg Weekly Miles,""High (Incentivized over 2,000 miles)""
No Touch Freight,Yes
Driver Load / Unload,No","Category,Details
Average Weekly Pay,""$1,300 – $1,600""
CPM Rate,$0.52 – $0.56 CPM
Mileage Incentive,""$1.00 per mile for every mile driven over 2,000 per week.""
Sign-On Bonus,""$2,000 ($750 Wk 1, $750 Wk 2, $500 at 6 months)""
Longevity Bonus,""$1,000 annual bonus""
Safety Bonus,""$1,000 annual safety and performance bonus""
Orientation Pay,$300 (2.5 days)","Category,Details
Equipment Type,Sleeper trucks
Transmission Type,Automatics
Engine,Not Specified
Cameras,No
Bunks,Yes","Category,Details
SAP Drivers,No
Teams Accepted,Not Specified
Owner Operators,Not Specified
Trainees,No
Pet Policy,No pets allowed","Category,Details
Experience Required,6 months (Verifiable)
Endorsements,None required
Insurance,Premium-free family health insurance (after 90 days)
Rider Policy,Allowed (No charge) after 90 days; immediate family 10+ years old.
Hiring Area,""IA, IL, IN, KS, MO, NE, OH""
Orientation,""Quincy, IL (Bus/Lodging/Breakfast/Lunch provided)"""
Swift,"Walmart – Moberly, MO",MO,65270,,"65243, 65201, 65204, 65240","Category,Details
Job Description,""Dedicated grocery account hauling reefer trailers for regional round-trip deliveries (Columbia, Moberly, Boonville, Macon).""
Freight Type,Reefer (DED–WAL GRO)
Driver Type,Company Driver
Home Time,Once a Week
Home Time Duration,Home weekly.
Dedicated Account?,Yes
Avg Weekly Miles,""2,100""
No Touch Freight,Yes (Stores unload trailers)
Driver Load / Unload,No (Mix of live load/unload and drop & hook)","Category,Details
Average Weekly Pay,""$1,400""
CPM Range,$0.49 (Entry) – $0.61 (3+ Years)
Weekend Differential,+ $0.03 CPM (Fri 17:00 – Mon 04:00)
Stop Pay,$10 for 1st stop; $15 each additional
Bonuses,Swift Driver Performance Bonus
Unload Pay,N/A","Category,Details
Equipment Type,Reefer Trailers
Transmission Type,""Automatics, Manuals""
Engine,Not Specified
Camera Orientation,""Front Facing, Event Only""
Bunks,Yes (Sleeper)","Category,Details
SAP Drivers,No
Teams Accepted,Yes
Owner Operators,No
Trainees,Yes (Accepted per Job Details; Note: Needs sheet says No)","Category,Details
Experience Required,6 months (Per Needs Sheet)
Endorsements,None required
Shift / Schedule,Nights required; Weekend work required
Work Days,Every holiday except Thanksgiving and Christmas
Residency,""Must live within 50 miles of Moberly, MO hub""
Hiring Area,""MO, IA"""